"","ds.ID","ds.agreementfinal","ds.share_type","ds.Q1a","ds.Q1b_1","ds.Q1b_2","ds.Q1b_3","ds.Q1b_4","ds.Q1b_5","ds.Q1b_6","ds.Q1b_7","ds.Q1c","ds.Q1d","ds.Q1e_1","ds.Q1e_2","ds.Q1e_3","ds.Q1f","ds.Q1g_1","ds.Q1g_2","ds.Q1g_3","ds.Q1g_4","ds.Q1g_5","ds.Q1g_6","ds.Q1g_7","ds.Q1g_8","ds.Q1h","ds.Q1i","ds.Q5a","ds.Q5b","ds.Q5c","ds.Q5d_1","ds.Q5d_2","ds.Q5d_3","ds.Q5d_4","ds.Q5d_5","ds.Q5d_6","ds.Q5d_7","ds.Q5d_8","ds.Q5d_9","ds.Q5d_10","ds.Q5d_11","ds.Q5d_12"
"1",1,0,3,1,NA,NA,NA,NA,NA,NA,1,1,6,1,1,1,1,1,1,1,1,1,NA,NA,NA,1,1,1,1,2,6,6,2,5,5,6,4,6,6,3,5,6
"2",2,1,1,1,NA,NA,NA,NA,NA,NA,1,1,10,3,1,1,1,1,NA,1,1,NA,1,NA,NA,1,2,3,1,1,5,4,5,3,3,2,3,3,3,3,4,5
"3",3,1,2,1,NA,NA,NA,NA,NA,NA,1,1,10,1,1,1,1,1,1,NA,1,NA,NA,NA,NA,2,1,2,2,1,6,5,6,2,1,4,6,2,4,2,4,3
"4",4,1,2,1,NA,NA,NA,1,NA,1,NA,1,8,1,1,1,1,1,1,NA,NA,NA,NA,1,NA,1,2,3,2,1,6,3,4,2,4,1,4,2,4,1,2,2
"5",5,1,3,5,NA,1,NA,1,NA,NA,NA,1,6,1,2,2,2,NA,1,NA,NA,NA,NA,NA,NA,2,2,1,1,3,5,4,4,2,1,3,5,2,2,2,4,4
"6",6,1,2,6,NA,1,NA,NA,NA,NA,NA,1,6,3,1,3,1,NA,1,NA,1,1,1,1,1,1,1,4,4,1,6,3,6,5,2,4,6,5,2,2,3,4
"7",7,0,3,1,NA,NA,NA,NA,NA,NA,1,1,14,2,1,3,1,1,1,1,1,NA,NA,1,1,2,1,1,1,2,3,6,1,4,6,1,2,6,4,3,5,3
"8",8,0,1,2,NA,NA,NA,NA,NA,NA,1,1,15,1,1,1,1,1,NA,1,NA,1,NA,NA,NA,1,2,2,1,3,6,4,2,4,2,5,5,4,5,4,4,1
"9",9,1,2,1,NA,NA,NA,1,1,NA,NA,1,6,1,1,1,1,NA,1,NA,1,NA,NA,1,NA,1,2,2,3,3,4,2,4,3,1,4,4,4,4,5,4,5
"10",10,1,2,1,NA,NA,NA,NA,1,NA,NA,1,14,2,3,1,1,1,1,NA,NA,NA,NA,NA,NA,1,1,3,2,1,6,2,6,2,1,2,5,3,2,1,5,4
"11",11,0,1,1,NA,NA,NA,NA,1,NA,NA,1,2,1,3,1,1,NA,1,1,NA,NA,NA,NA,NA,2,1,2,1,2,5,2,2,5,1,4,4,3,3,3,3,3
"12",12,1,2,2,1,NA,NA,NA,NA,NA,NA,1,3,1,1,1,1,NA,1,1,1,1,NA,1,NA,1,1,4,3,1,6,4,4,2,5,5,6,2,1,3,5,5
"13",13,1,2,1,NA,NA,NA,NA,NA,NA,1,4,4,1,1,1,1,1,NA,NA,1,NA,NA,NA,NA,2,2,2,2,3,4,5,4,3,6,4,6,1,6,1,4,4
"14",14,1,3,1,NA,NA,NA,NA,NA,NA,1,1,3,1,1,1,1,1,NA,1,NA,NA,NA,NA,NA,1,1,1,1,2,6,5,6,1,2,5,6,1,3,1,3,4
"15",15,0,3,1,NA,NA,NA,NA,NA,NA,1,3,2,1,1,1,2,NA,1,NA,NA,NA,NA,NA,NA,1,1,1,1,2,6,6,3,5,6,5,4,5,2,2,5,5
"16",16,1,2,5,NA,NA,NA,1,NA,NA,NA,1,10,1,1,1,2,1,1,NA,NA,NA,NA,1,1,1,1,2,2,1,6,1,6,1,1,2,5,1,1,1,3,3
"17",17,1,1,2,NA,NA,NA,NA,NA,NA,1,1,5,3,3,2,2,1,NA,1,1,1,1,1,NA,1,1,2,1,1,6,3,4,3,1,1,3,3,1,3,4,4
"18",18,1,2,1,NA,NA,NA,1,NA,NA,NA,1,NA,1,1,1,1,1,1,1,1,1,1,1,NA,1,2,4,2,1,6,6,5,4,1,1,4,4,1,1,6,5
"19",19,1,1,1,NA,NA,1,NA,1,1,NA,6,20,1,3,2,1,1,1,NA,1,1,NA,NA,NA,1,1,2,1,2,6,6,5,3,5,3,5,4,1,1,4,4
"20",20,1,2,1,NA,NA,NA,NA,NA,NA,1,1,10,2,2,3,1,1,1,NA,NA,1,NA,1,NA,1,2,4,3,1,6,2,4,2,1,1,6,1,1,1,5,5
"21",21,0,1,1,NA,NA,NA,NA,1,NA,NA,1,5,1,1,1,1,NA,1,NA,1,NA,NA,NA,1,1,2,2,1,2,4,3,1,1,2,4,2,1,4,4,5,5
"22",22,1,1,1,NA,NA,NA,1,NA,NA,NA,1,4,1,1,1,2,NA,1,NA,NA,NA,NA,NA,NA,1,2,2,1,2,6,5,5,1,4,2,5,2,1,1,5,4
"23",23,1,2,2,NA,NA,NA,NA,NA,NA,1,1,20,3,3,2,1,1,1,1,1,1,NA,1,NA,1,2,4,2,1,6,2,5,1,5,2,4,1,3,1,5,3
"24",25,1,1,1,NA,NA,NA,NA,1,NA,NA,1,8,3,1,1,1,1,1,1,1,NA,NA,1,1,1,2,3,1,1,5,4,4,5,1,3,2,4,5,4,4,3
"25",27,1,1,1,NA,1,NA,NA,NA,NA,NA,1,6,1,1,1,1,1,1,NA,1,NA,NA,1,NA,2,2,2,1,3,5,3,4,6,5,5,3,6,3,4,3,5
"26",28,1,2,1,NA,NA,NA,NA,1,NA,NA,1,4,1,1,1,2,NA,1,NA,NA,NA,NA,1,NA,2,2,1,3,3,5,2,4,4,1,1,4,4,4,4,2,4
"27",29,1,2,1,NA,NA,NA,NA,NA,NA,1,1,10,3,1,1,1,1,1,1,1,NA,NA,1,NA,2,2,1,2,2,6,1,4,1,3,1,6,1,4,2,3,5
"28",30,0,1,1,NA,NA,NA,NA,1,NA,NA,1,7,2,1,1,1,NA,1,1,1,1,NA,NA,NA,1,2,4,1,1,6,1,3,3,1,3,5,1,5,2,6,4
"29",31,0,2,6,NA,NA,NA,NA,NA,NA,1,1,4,1,1,1,1,NA,NA,1,NA,NA,NA,NA,NA,2,1,4,4,3,6,2,3,2,5,5,4,2,3,4,4,2
"30",32,1,1,2,NA,NA,NA,NA,NA,1,NA,1,4,1,1,2,1,NA,1,1,NA,1,1,1,NA,1,1,4,1,1,6,1,6,2,1,2,6,2,1,1,2,3
"31",33,0,3,1,NA,NA,NA,NA,1,NA,NA,1,1,1,1,1,2,NA,1,NA,1,NA,NA,NA,NA,2,2,1,1,2,4,6,3,5,6,5,3,5,5,6,5,6
"32",34,0,2,1,NA,NA,NA,NA,NA,NA,1,2,7,2,1,1,1,1,1,1,1,1,NA,NA,NA,2,2,2,2,1,6,3,3,2,2,1,2,2,3,2,3,4
"33",35,1,2,1,NA,NA,NA,NA,1,NA,1,1,7,1,1,1,2,NA,1,NA,NA,NA,NA,NA,1,1,1,2,5,1,6,1,6,1,1,1,4,1,4,1,5,4
"34",36,1,3,1,NA,NA,NA,NA,NA,NA,1,1,3,2,1,2,1,1,1,1,1,NA,NA,1,NA,1,2,1,1,1,6,2,5,2,1,5,4,1,5,4,4,5
"35",37,1,1,1,NA,NA,NA,NA,NA,NA,1,1,7,1,2,1,1,1,1,1,NA,1,NA,1,NA,1,1,3,1,1,6,1,6,3,1,2,5,1,2,1,1,4
"36",38,0,1,1,1,NA,NA,NA,NA,NA,NA,1,12,3,1,2,1,1,1,1,1,NA,NA,1,NA,1,2,3,1,2,5,5,3,3,3,5,5,4,3,3,3,5
"37",65,0,1,1,NA,NA,NA,NA,1,NA,NA,1,5,1,1,1,1,1,1,1,1,NA,NA,1,NA,2,1,3,1,3,3,5,4,5,2,5,3,5,3,4,2,5
"38",66,1,1,1,NA,NA,NA,NA,1,NA,NA,1,5,1,1,1,1,1,NA,1,1,NA,NA,NA,1,2,2,4,1,3,6,4,5,2,1,1,5,1,1,2,2,5
"39",67,1,3,1,NA,NA,NA,1,1,NA,NA,1,5,2,1,1,1,1,NA,NA,NA,1,NA,NA,NA,2,2,1,1,1,5,3,5,6,2,6,5,6,2,6,5,5
"40",68,1,3,1,NA,NA,NA,NA,1,NA,NA,1,6,1,1,1,1,NA,1,NA,1,NA,NA,NA,NA,2,2,1,1,2,5,4,4,4,1,1,4,4,4,3,4,4
"41",69,1,3,1,NA,NA,NA,NA,1,NA,NA,1,10,3,1,1,1,1,1,1,NA,NA,NA,NA,NA,1,2,1,1,3,4,3,4,6,2,4,4,6,3,2,3,5
"42",70,1,2,1,NA,NA,NA,NA,1,NA,NA,1,7,1,1,1,1,1,1,1,1,1,NA,NA,NA,2,1,3,2,1,6,3,6,1,1,2,3,1,1,1,1,4
"43",71,1,2,1,NA,NA,NA,NA,1,NA,NA,1,14,3,1,1,1,1,1,1,1,NA,NA,NA,NA,1,2,2,2,3,6,3,5,1,1,1,6,1,5,1,5,4
"44",72,1,1,1,NA,NA,NA,NA,1,NA,NA,1,3,2,2,2,1,NA,1,NA,1,NA,NA,1,NA,2,2,3,1,1,4,5,5,3,6,5,6,6,3,1,5,6
"45",73,1,1,1,1,NA,NA,NA,NA,NA,NA,1,3,1,1,2,1,1,1,1,1,NA,NA,1,NA,1,2,4,1,3,6,5,5,6,5,4,4,5,5,2,3,4
"46",75,1,1,1,1,NA,NA,NA,NA,NA,NA,1,10,2,1,1,1,1,NA,1,1,1,NA,1,NA,1,2,2,1,3,5,4,4,6,2,4,3,6,4,2,4,4
"47",76,1,1,6,1,NA,NA,NA,1,NA,NA,1,7,1,1,1,1,NA,1,1,1,NA,NA,1,NA,1,2,2,1,2,5,4,4,6,5,6,4,6,6,6,5,6
"48",77,1,1,1,NA,NA,NA,NA,1,NA,NA,1,6,3,1,2,1,1,1,1,1,1,NA,1,NA,2,2,5,1,2,5,4,5,4,1,3,3,4,1,2,3,3
"49",78,1,1,6,NA,NA,1,NA,NA,NA,NA,1,20,1,2,2,1,1,NA,1,NA,1,NA,1,NA,1,2,2,1,1,6,1,6,4,1,4,4,3,2,1,4,3
"50",79,1,2,1,NA,NA,NA,1,NA,NA,NA,1,5,1,1,1,1,1,1,NA,NA,NA,NA,1,NA,1,1,3,2,1,6,3,4,3,4,3,3,1,5,3,1,5
"51",80,1,3,1,NA,NA,NA,NA,NA,1,NA,1,1,1,1,2,1,1,NA,1,NA,NA,NA,NA,NA,2,2,1,1,1,6,2,6,2,1,1,6,2,1,1,1,1
"52",81,1,1,1,NA,NA,NA,NA,1,NA,NA,1,5,2,1,1,1,1,1,1,1,NA,NA,1,NA,2,2,3,1,2,4,5,4,6,3,5,4,6,4,6,5,6
"53",82,1,1,1,1,NA,NA,NA,1,NA,NA,3,7,1,1,1,1,1,1,1,1,NA,NA,1,NA,1,1,3,1,3,5,4,5,6,1,2,3,6,6,1,3,5
"54",83,1,2,1,1,NA,NA,NA,1,NA,NA,1,6,3,1,1,1,1,1,1,NA,NA,NA,1,NA,2,2,3,2,1,6,4,6,4,1,3,5,4,2,1,2,2
"55",84,1,3,1,1,NA,NA,NA,NA,NA,NA,1,2,1,1,1,2,NA,1,NA,NA,NA,NA,NA,NA,1,2,1,1,3,6,NA,5,6,1,4,NA,3,NA,4,NA,NA
"56",85,1,1,6,NA,NA,1,NA,NA,1,NA,1,6,3,3,3,1,1,1,1,1,NA,NA,1,NA,2,1,2,1,1,6,1,5,2,1,1,4,1,2,2,3,3
"57",86,1,1,6,NA,NA,NA,NA,1,NA,NA,1,3,1,1,1,1,1,1,1,1,1,1,1,NA,1,1,2,1,2,5,5,4,6,6,6,6,6,4,3,6,4
"58",87,0,1,1,1,NA,NA,NA,1,NA,NA,1,9,3,1,1,1,1,1,1,NA,NA,1,1,NA,1,2,3,1,3,5,2,3,6,3,5,3,6,2,2,4,3
"59",88,1,2,2,NA,NA,NA,NA,NA,NA,1,1,8,2,3,3,1,1,1,1,1,1,1,1,NA,1,1,5,4,1,6,1,4,3,4,1,6,1,2,1,5,1
"60",89,0,3,1,1,NA,NA,NA,1,NA,NA,1,11,1,1,1,1,1,1,1,1,1,NA,1,NA,2,2,1,1,2,4,4,3,4,2,2,3,4,4,4,4,4
"61",90,1,1,1,NA,1,NA,NA,NA,NA,NA,6,11,1,1,1,1,NA,1,1,1,1,NA,NA,1,1,2,2,1,3,5,5,5,6,3,2,4,6,4,1,4,4
"62",91,1,1,6,1,NA,NA,NA,NA,NA,NA,1,13,3,1,1,1,1,1,1,1,1,NA,1,NA,1,2,3,1,3,6,5,5,4,1,2,5,5,2,1,3,2
"63",92,1,1,1,NA,NA,NA,NA,1,NA,NA,1,5,1,1,1,1,1,1,1,NA,NA,NA,1,NA,2,2,3,1,3,6,3,6,3,3,4,4,4,1,1,2,2
"64",93,1,1,1,NA,NA,NA,NA,1,NA,NA,1,5,3,2,1,1,1,NA,NA,1,1,NA,1,NA,2,2,2,1,3,6,5,6,6,3,4,6,6,1,2,4,4
"65",94,1,3,1,NA,NA,NA,NA,NA,NA,1,1,2,1,1,1,1,NA,NA,1,NA,NA,NA,NA,NA,2,2,1,1,3,6,4,5,6,3,4,6,5,2,1,2,5
"66",95,1,1,1,NA,NA,NA,NA,1,NA,NA,1,2,1,1,1,1,1,1,NA,1,NA,NA,1,NA,1,1,4,1,2,6,6,4,1,5,1,4,1,1,1,1,1
"67",96,1,3,1,NA,NA,NA,NA,1,NA,NA,1,5,3,1,1,1,1,1,1,1,NA,NA,1,NA,2,2,1,1,1,6,1,5,1,2,1,5,1,1,1,1,2
"68",97,1,1,1,1,NA,NA,NA,1,NA,NA,1,2,1,1,1,2,NA,1,NA,NA,NA,NA,NA,NA,1,2,2,1,2,5,3,5,5,1,6,5,3,4,4,2,5
"69",98,1,1,1,NA,NA,NA,NA,1,NA,NA,1,2,2,1,1,1,1,1,NA,1,NA,NA,1,NA,1,1,4,1,2,5,5,4,3,1,5,5,3,3,3,4,4
"70",99,0,1,1,NA,NA,NA,NA,1,1,NA,1,12,1,1,3,1,1,1,1,1,1,1,1,NA,2,1,5,1,3,5,6,3,6,6,3,3,6,4,3,4,5
"71",100,1,1,1,NA,NA,NA,NA,1,NA,NA,1,NA,1,1,1,2,NA,NA,NA,NA,NA,NA,NA,1,1,2,3,1,2,4,5,4,4,4,3,5,3,4,2,6,5
"72",102,1,1,1,NA,NA,NA,NA,1,NA,NA,1,8,3,1,1,1,NA,NA,NA,NA,NA,NA,NA,1,2,1,2,1,3,6,6,5,4,5,1,6,3,2,1,5,4
"73",106,1,2,1,NA,NA,NA,NA,1,NA,NA,1,8,2,1,1,1,1,1,NA,1,NA,NA,1,NA,1,1,2,2,2,5,4,4,1,1,1,1,1,1,4,3,4
"74",109,1,1,1,1,NA,NA,NA,NA,NA,NA,1,4,1,1,1,1,NA,1,NA,NA,NA,NA,NA,NA,1,1,2,1,3,6,5,4,5,3,5,5,3,4,2,4,5
"75",110,1,2,2,NA,1,NA,NA,NA,NA,NA,1,2,1,1,1,1,NA,NA,NA,NA,1,NA,NA,NA,1,1,3,3,1,6,2,6,1,1,1,6,1,4,1,1,4
"76",112,1,2,1,1,1,NA,NA,1,1,NA,1,10,3,1,3,1,1,1,1,1,1,1,1,NA,1,2,2,2,1,5,3,4,3,1,2,4,3,1,2,4,5
"77",113,0,2,1,NA,NA,NA,NA,NA,NA,1,2,25,1,1,1,1,1,1,1,1,1,1,1,NA,1,1,2,2,2,5,5,2,1,1,1,NA,NA,1,1,NA,NA
"78",114,1,1,1,NA,NA,NA,1,NA,1,NA,1,2,1,1,2,2,1,1,NA,NA,NA,NA,NA,NA,2,1,2,1,3,4,6,4,5,4,3,5,5,3,4,4,4
"79",115,1,2,1,NA,NA,NA,NA,NA,NA,1,1,2,1,1,1,2,NA,NA,1,NA,NA,NA,NA,NA,1,2,1,2,3,6,5,4,4,6,5,5,4,5,5,4,5
"80",116,0,2,1,NA,NA,NA,NA,NA,NA,1,1,30,2,1,1,2,1,1,NA,NA,NA,NA,NA,NA,2,1,2,2,1,4,3,2,2,1,2,4,2,1,1,2,3
"81",117,1,1,1,NA,NA,NA,NA,NA,NA,1,1,1,1,1,1,2,NA,1,NA,NA,NA,NA,NA,NA,2,1,2,1,1,6,2,4,1,2,4,4,1,1,1,1,4
"82",118,1,2,1,NA,1,NA,NA,NA,NA,NA,1,2,1,1,1,2,NA,1,NA,NA,NA,NA,NA,1,1,2,1,2,1,6,5,5,2,4,5,2,2,5,2,4,4
"83",119,1,2,1,NA,NA,NA,1,NA,NA,NA,1,6,1,1,1,2,NA,1,NA,NA,NA,NA,NA,1,1,2,2,2,1,6,6,6,1,6,1,1,4,2,2,2,2
"84",120,1,2,1,NA,1,NA,NA,NA,NA,NA,1,2,1,1,2,2,NA,1,NA,1,NA,NA,1,NA,2,1,3,2,3,6,3,4,1,4,1,3,4,1,1,5,4
"85",121,1,2,1,NA,NA,NA,NA,NA,NA,1,1,10,1,1,1,1,1,1,1,1,NA,NA,1,NA,1,1,3,2,1,6,2,6,2,5,2,5,4,1,1,2,2
"86",122,1,2,1,NA,NA,NA,NA,1,NA,1,3,20,1,1,1,1,NA,1,1,1,1,NA,1,NA,1,2,3,2,3,6,3,4,3,2,3,4,4,4,3,3,5
"87",123,1,1,1,NA,NA,NA,NA,NA,NA,1,1,6,2,1,1,2,1,1,NA,NA,NA,NA,NA,NA,1,2,2,1,3,5,6,6,6,6,6,5,6,6,5,2,6
"88",124,0,2,1,NA,NA,1,NA,NA,1,1,1,22,1,1,1,1,1,1,1,1,NA,NA,1,NA,1,1,4,3,3,4,NA,3,4,1,1,1,5,2,2,2,2
"89",125,1,2,1,NA,NA,NA,NA,NA,NA,1,1,3,1,1,1,1,1,1,NA,NA,NA,NA,NA,1,2,1,2,3,1,6,3,6,3,1,1,4,3,1,1,2,2
"90",126,1,2,2,NA,1,NA,1,1,1,NA,1,1,1,1,2,1,NA,1,NA,1,1,NA,1,NA,1,2,5,2,1,6,2,6,2,4,2,5,4,1,1,2,2
"91",127,0,1,2,NA,NA,NA,NA,NA,NA,1,1,7,1,1,1,2,NA,1,NA,NA,1,NA,NA,NA,1,1,3,1,3,5,5,3,5,1,3,4,6,6,1,1,1
"92",128,0,3,1,NA,NA,NA,NA,NA,NA,1,1,2,1,1,1,1,NA,NA,NA,NA,NA,NA,NA,1,2,1,1,1,1,5,6,3,4,5,4,4,4,4,4,4,4
"93",129,1,NA,1,NA,NA,NA,1,NA,NA,NA,1,1,1,1,1,2,NA,NA,NA,NA,NA,NA,1,NA,2,2,NA,NA,3,6,2,6,NA,NA,NA,NA,NA,NA,NA,NA,NA
"94",130,1,2,1,NA,NA,NA,NA,NA,NA,1,1,17,1,1,1,1,1,1,1,1,NA,NA,1,NA,1,1,3,2,3,4,4,5,2,1,4,5,2,2,4,2,4
"95",131,0,1,1,1,NA,NA,NA,NA,NA,NA,1,2,1,1,2,2,NA,NA,NA,1,NA,NA,NA,NA,2,1,4,1,2,5,5,1,4,2,6,2,5,3,3,3,6
"96",132,0,1,1,NA,NA,NA,NA,NA,NA,1,1,5,1,1,1,2,NA,1,NA,NA,NA,NA,NA,NA,1,2,2,1,1,4,4,3,4,1,4,4,5,1,4,4,4
"97",133,0,1,1,NA,NA,NA,NA,NA,1,1,1,11,2,1,3,1,1,1,1,1,1,NA,1,NA,1,1,2,1,3,4,6,3,3,5,6,3,4,5,5,6,6
"98",134,0,3,1,NA,NA,NA,1,NA,NA,1,1,1,1,1,1,2,NA,1,NA,NA,NA,NA,1,NA,2,2,1,1,1,6,1,2,5,2,4,5,4,4,2,5,5
"99",135,1,1,1,NA,NA,NA,NA,1,NA,NA,1,2,3,1,1,1,1,1,1,1,1,1,NA,NA,1,1,2,1,1,5,2,4,1,4,6,4,1,6,3,6,4
"100",136,1,2,2,NA,NA,NA,NA,NA,NA,1,1,30,1,2,3,1,1,NA,1,1,1,NA,1,NA,1,1,2,2,3,6,4,4,4,5,2,5,4,2,1,4,4
"101",137,0,1,1,NA,NA,NA,NA,NA,NA,1,1,15,1,1,1,1,1,1,1,1,NA,NA,1,1,2,1,2,1,2,5,6,3,3,5,4,3,4,5,4,6,5
"102",138,0,1,1,NA,NA,NA,1,NA,1,NA,1,3,1,1,3,2,NA,1,NA,NA,NA,NA,NA,NA,1,2,5,1,1,6,4,1,3,1,4,1,2,3,1,3,4
"103",139,0,2,1,NA,NA,NA,NA,NA,NA,1,1,12,1,1,1,1,1,1,NA,NA,NA,NA,NA,NA,1,1,2,2,2,3,6,2,4,6,6,2,4,6,5,6,5
"104",140,1,1,1,NA,NA,NA,NA,1,NA,NA,1,13,2,1,1,1,1,NA,1,1,NA,NA,1,NA,2,2,2,1,3,5,4,4,3,4,4,3,4,1,3,3,4
"105",141,1,2,1,NA,1,NA,1,NA,NA,1,1,9,1,1,1,2,1,1,NA,1,NA,NA,1,NA,2,1,3,3,1,6,4,5,2,3,5,4,3,1,2,1,6
"106",142,1,3,1,NA,NA,NA,NA,NA,NA,1,1,3,1,1,1,1,1,NA,NA,1,NA,NA,1,NA,1,1,1,1,3,6,NA,4,6,6,6,4,6,5,5,5,5
"107",143,1,2,1,NA,1,NA,NA,NA,NA,NA,1,4,1,1,1,1,NA,1,NA,NA,1,NA,NA,NA,1,1,3,2,1,5,5,5,2,2,2,5,1,2,2,2,4
"108",144,1,2,2,1,NA,NA,NA,NA,NA,NA,1,23,3,3,3,1,1,1,1,1,NA,NA,1,NA,1,2,2,2,1,6,4,6,2,1,3,4,5,1,1,4,4
"109",145,1,3,1,NA,NA,NA,NA,NA,NA,1,1,7,1,1,1,1,1,NA,NA,1,NA,NA,1,NA,2,2,1,1,3,6,1,4,1,1,6,1,1,1,1,NA,3
"110",147,0,3,6,NA,1,NA,NA,1,NA,NA,1,20,1,3,1,1,NA,NA,NA,NA,NA,1,1,NA,2,2,1,1,3,2,5,2,3,2,3,4,3,2,2,3,5
"111",148,0,1,1,NA,NA,NA,NA,NA,NA,1,6,5,1,1,1,1,1,1,1,1,1,NA,1,1,2,2,4,1,3,6,6,3,6,6,3,4,6,6,2,3,6
"112",149,1,3,2,NA,NA,NA,NA,NA,1,NA,1,2,1,1,1,2,NA,1,NA,NA,NA,NA,NA,NA,2,1,1,1,2,5,6,5,5,3,5,5,5,3,3,4,3
"113",150,0,2,1,NA,NA,NA,NA,NA,NA,1,2,17,1,1,1,2,NA,NA,NA,NA,NA,NA,NA,1,1,1,2,2,2,5,6,3,1,3,5,3,4,3,3,4,5
"114",151,1,2,1,NA,NA,NA,NA,NA,NA,1,3,8,1,1,1,1,1,1,1,NA,NA,NA,1,NA,1,1,2,4,2,6,5,4,1,1,1,5,3,1,1,4,4
"115",152,1,2,1,NA,NA,NA,1,NA,NA,NA,2,13,1,1,1,1,1,1,1,1,1,NA,1,NA,1,1,4,4,1,6,3,5,1,1,2,4,2,2,1,3,4
"116",153,0,1,1,NA,NA,NA,1,NA,NA,1,1,6,1,1,1,2,NA,1,NA,NA,NA,NA,NA,NA,1,2,2,1,2,5,6,3,3,5,6,4,3,1,6,5,6
"117",154,1,2,1,NA,1,NA,1,NA,1,NA,3,15,1,1,1,1,NA,1,1,NA,1,NA,1,NA,1,2,2,4,3,6,4,6,1,5,6,4,5,5,4,5,6
"118",155,1,1,1,NA,NA,NA,NA,NA,1,NA,1,3,1,1,3,2,1,1,NA,NA,NA,NA,1,NA,1,2,3,1,1,6,2,6,2,1,1,6,4,1,1,4,2
"119",156,0,2,6,NA,1,NA,NA,NA,NA,1,2,8,1,1,1,1,1,1,NA,NA,1,NA,1,NA,1,1,3,3,3,6,4,1,6,2,6,4,6,4,6,5,6
"120",172,1,3,1,NA,NA,NA,1,NA,NA,NA,1,15,1,2,1,2,NA,1,NA,NA,NA,NA,NA,NA,1,2,1,1,1,5,2,5,4,2,3,4,3,1,2,2,2
"121",174,1,3,4,NA,NA,NA,NA,1,NA,1,6,3,1,1,1,2,NA,1,NA,NA,NA,NA,NA,NA,2,2,1,1,3,6,3,4,4,6,3,3,3,3,3,3,4
"122",178,1,1,1,NA,NA,NA,NA,NA,NA,1,2,4,2,1,2,1,NA,1,NA,NA,NA,NA,NA,NA,2,2,2,1,1,6,4,5,5,5,4,5,5,5,5,5,5
"123",186,1,3,1,NA,NA,NA,NA,NA,1,NA,1,3,1,1,2,1,1,1,NA,1,1,NA,1,NA,2,2,1,1,2,6,6,4,5,1,1,5,6,3,2,4,2
"124",187,1,2,1,NA,1,NA,1,NA,1,NA,1,3,1,1,2,2,1,1,NA,1,NA,NA,NA,NA,1,2,2,2,1,4,3,4,4,4,4,4,3,3,3,4,3
"125",188,1,2,1,NA,NA,NA,1,NA,NA,NA,1,30,1,1,3,2,NA,1,NA,NA,NA,NA,NA,NA,2,2,3,2,3,4,4,4,4,4,4,4,3,2,3,4,4
"126",189,1,2,1,NA,NA,NA,1,1,1,NA,1,10,1,1,3,1,1,1,NA,1,NA,NA,1,NA,2,2,3,3,3,6,5,5,4,2,3,3,4,3,1,3,4
"127",190,1,2,1,NA,NA,NA,NA,NA,1,NA,6,10,1,1,3,1,1,1,NA,1,1,NA,1,NA,1,2,2,2,1,6,1,6,1,1,2,6,1,1,1,2,2
"128",191,0,1,6,NA,NA,NA,NA,NA,1,NA,1,7,1,1,3,2,1,1,NA,NA,NA,NA,NA,NA,2,2,4,1,1,1,NA,1,2,6,1,1,1,1,1,2,1
"129",192,0,2,1,NA,NA,NA,NA,NA,1,NA,1,5,1,1,3,2,1,1,NA,1,NA,NA,1,NA,1,2,2,2,3,5,5,3,2,4,2,2,2,2,1,5,2
"130",193,1,1,1,NA,NA,NA,NA,NA,1,NA,6,8,2,1,3,1,1,1,1,1,NA,NA,1,NA,2,1,3,1,3,5,6,5,5,5,5,4,4,4,4,3,6
"131",194,0,2,6,NA,NA,NA,1,NA,1,NA,1,3,1,3,2,2,NA,1,NA,NA,NA,NA,NA,1,2,2,5,5,2,6,6,2,6,6,4,4,6,1,2,2,1
"132",195,1,2,5,NA,1,1,NA,NA,1,NA,1,20,3,3,3,1,1,1,1,1,NA,NA,NA,NA,1,2,2,2,1,5,4,4,1,1,4,3,2,2,2,4,4
"133",196,1,3,1,NA,NA,NA,NA,NA,1,NA,1,3,1,1,2,2,NA,NA,NA,NA,NA,NA,NA,1,2,1,1,1,2,4,4,4,1,2,6,3,3,2,6,4,6
"134",197,1,1,1,NA,NA,NA,NA,NA,1,NA,1,3,1,1,2,1,NA,1,NA,NA,1,NA,1,NA,2,2,4,1,2,6,5,5,3,5,3,4,4,1,1,4,4
"135",198,0,1,1,NA,NA,NA,1,NA,1,NA,1,10,1,1,2,1,1,1,NA,1,NA,NA,1,NA,1,2,2,1,2,5,5,2,6,6,4,2,5,4,2,6,6
"136",199,0,1,1,NA,NA,NA,NA,NA,1,NA,1,7,1,1,3,1,1,1,1,1,NA,NA,1,NA,2,2,2,1,2,4,6,2,6,5,6,3,6,4,2,3,3
"137",200,1,1,6,NA,NA,NA,NA,NA,1,NA,1,5,1,1,3,2,NA,NA,NA,NA,1,NA,NA,NA,2,2,2,1,2,4,6,4,5,5,6,1,5,1,2,4,6
"138",201,0,2,6,NA,NA,NA,NA,NA,1,NA,1,18,1,1,3,2,1,1,NA,NA,NA,NA,1,NA,1,2,5,2,3,6,5,3,3,6,1,5,4,1,1,2,1
"139",202,1,2,6,NA,NA,NA,NA,NA,1,1,1,4,1,1,2,2,NA,1,NA,NA,1,NA,NA,1,2,2,3,4,1,6,1,5,1,1,5,4,1,2,1,2,4
"140",203,1,2,2,1,NA,NA,NA,NA,NA,1,1,40,3,3,2,1,1,1,1,1,1,NA,1,NA,1,2,2,2,1,6,2,4,3,4,4,4,3,3,2,4,3
"141",205,1,2,1,NA,NA,NA,1,NA,1,NA,1,13,2,1,3,1,1,1,1,1,1,NA,1,NA,2,2,2,2,1,6,4,5,1,1,2,5,1,1,1,4,4
"142",206,1,2,2,NA,NA,NA,NA,NA,NA,1,1,8,1,2,3,1,1,1,1,1,1,1,1,NA,1,2,2,2,1,6,2,5,1,4,2,5,1,4,2,5,2
"143",207,0,3,1,NA,NA,NA,NA,NA,1,NA,1,15,1,1,3,2,NA,1,NA,NA,NA,NA,NA,NA,2,2,1,1,3,4,5,2,3,1,3,2,4,3,4,4,5
"144",208,0,2,1,NA,NA,NA,NA,NA,NA,1,6,NA,1,2,1,2,NA,NA,NA,1,NA,NA,1,1,2,2,1,3,3,4,4,3,5,4,4,3,5,4,4,5,3
"145",209,1,3,1,NA,NA,NA,NA,NA,1,NA,6,3,1,1,3,1,1,1,NA,1,NA,NA,1,1,2,2,1,1,3,5,3,5,5,1,1,4,6,1,1,5,5
"146",210,0,2,1,NA,NA,NA,1,NA,1,NA,1,10,1,1,2,2,NA,1,NA,1,NA,1,1,NA,1,2,2,3,3,6,5,2,1,5,2,2,1,1,1,4,2
"147",211,1,2,2,NA,NA,NA,NA,NA,NA,1,1,12,2,1,3,1,1,1,1,1,NA,NA,1,NA,1,2,2,2,1,6,2,4,2,2,2,4,1,2,1,1,3
"148",212,0,2,6,NA,NA,NA,NA,NA,NA,1,1,4,1,1,2,2,NA,1,NA,1,NA,NA,NA,NA,2,2,2,2,1,6,5,3,1,2,4,5,1,1,1,1,2
"149",213,0,1,1,NA,NA,NA,NA,NA,1,NA,1,20,1,1,3,1,1,1,NA,1,NA,1,NA,NA,1,2,3,1,3,5,5,2,3,6,1,3,6,2,1,4,5
"150",214,0,1,2,NA,NA,1,NA,NA,NA,NA,1,20,1,1,3,2,NA,1,NA,NA,NA,NA,1,NA,2,2,3,1,2,4,4,3,3,5,3,3,4,2,2,3,3
"151",215,1,1,1,NA,NA,NA,NA,NA,1,NA,1,7,1,1,3,1,NA,1,NA,NA,NA,NA,NA,NA,1,2,4,1,1,4,3,4,3,4,3,3,4,2,2,4,2
"152",216,0,3,1,NA,NA,NA,NA,NA,1,NA,6,10,1,1,3,2,NA,1,NA,NA,NA,NA,1,NA,2,2,1,1,3,6,6,3,4,4,3,2,2,2,3,6,3
"153",217,1,1,6,NA,NA,NA,1,NA,1,NA,1,1,1,1,2,2,NA,NA,NA,NA,1,NA,1,1,2,2,2,1,3,4,5,5,5,5,3,3,3,1,1,2,4
"154",219,1,2,1,1,NA,NA,NA,NA,1,NA,3,14,3,2,3,1,1,1,1,1,1,NA,1,NA,1,2,3,2,1,6,5,6,1,1,2,6,2,4,4,6,5
"155",220,1,2,2,NA,NA,NA,1,NA,1,NA,1,5,1,1,3,2,NA,1,NA,NA,NA,NA,1,NA,2,2,1,2,1,6,4,4,2,2,2,2,4,3,2,5,4
"156",221,1,3,5,NA,NA,1,NA,NA,NA,1,1,3,1,1,1,2,1,1,NA,1,NA,1,1,NA,2,2,1,1,1,6,3,5,6,4,2,4,6,3,2,4,4
"157",223,1,2,1,NA,NA,NA,NA,NA,1,NA,1,3,1,1,2,2,1,1,NA,NA,NA,NA,1,NA,2,2,4,5,1,6,2,6,1,2,2,6,1,1,1,2,2
"158",224,0,1,1,NA,NA,NA,1,NA,1,1,1,3,1,1,2,2,1,1,NA,NA,NA,NA,NA,1,2,2,2,1,2,5,6,3,3,5,4,4,3,3,3,3,6
"159",226,1,2,2,NA,NA,NA,NA,NA,NA,1,1,4,3,2,2,1,1,NA,1,NA,1,1,1,NA,1,2,3,2,1,5,2,4,3,1,3,4,3,2,2,4,2
"160",227,1,1,2,NA,NA,NA,NA,1,NA,NA,1,19,3,3,1,1,1,1,1,1,NA,NA,1,NA,1,2,2,1,1,5,1,4,2,1,1,3,4,2,1,2,4
"161",228,0,2,1,NA,NA,NA,1,NA,NA,NA,1,10,3,2,2,1,NA,1,NA,NA,NA,NA,NA,NA,1,2,2,2,1,6,1,1,1,1,1,5,1,1,1,4,2
"162",229,1,2,1,NA,1,NA,1,NA,1,NA,3,25,3,3,3,1,1,1,1,1,1,NA,1,NA,1,2,2,2,1,6,3,4,1,1,1,4,1,1,1,4,3
"163",230,1,1,2,NA,NA,NA,NA,NA,NA,1,1,25,2,3,3,1,1,1,1,1,NA,NA,NA,NA,1,2,2,1,1,6,2,4,4,2,2,4,4,3,1,6,4
"164",231,1,2,1,1,NA,NA,NA,NA,NA,NA,1,3,3,2,1,1,1,1,1,1,1,NA,1,NA,1,2,3,3,1,6,3,6,4,2,2,5,2,2,4,2,2
"165",232,1,2,1,NA,NA,NA,NA,1,NA,1,1,17,3,2,1,1,1,1,1,1,NA,NA,NA,NA,1,2,2,2,1,5,3,4,3,1,1,4,3,3,2,4,4
"166",233,1,2,1,1,NA,NA,NA,NA,NA,NA,1,20,3,3,1,1,NA,1,1,1,1,NA,1,NA,2,2,2,2,1,6,2,5,2,1,3,3,1,2,1,5,4
"167",234,1,1,1,1,NA,NA,NA,1,1,NA,3,30,3,3,1,1,1,1,1,1,NA,NA,NA,NA,1,2,2,1,2,6,3,4,4,2,2,2,2,2,2,2,2
"168",235,1,1,2,1,NA,NA,NA,NA,NA,NA,1,15,3,2,2,1,1,1,1,1,1,NA,1,NA,2,2,2,1,1,6,4,6,4,1,2,4,2,4,2,5,4
"169",236,0,2,1,NA,NA,NA,NA,NA,NA,1,1,10,2,1,1,1,1,1,NA,NA,NA,NA,NA,NA,2,1,1,2,1,6,1,3,1,1,1,4,1,1,1,1,1
"170",242,1,1,6,NA,NA,NA,1,NA,1,NA,1,3,1,1,2,2,1,1,NA,NA,NA,NA,NA,NA,2,2,2,1,3,6,5,6,6,5,1,6,6,1,1,2,4
"171",244,1,1,1,NA,NA,NA,1,NA,NA,1,1,2,1,1,1,1,NA,NA,NA,NA,NA,NA,NA,1,2,1,5,1,1,5,5,4,5,3,3,5,5,1,2,3,3
"172",245,1,3,1,NA,NA,NA,1,1,NA,NA,1,1,1,1,1,2,NA,1,NA,NA,NA,NA,NA,NA,2,2,1,1,2,5,5,5,6,4,3,4,6,3,4,3,3
"173",246,0,1,1,NA,NA,NA,1,NA,NA,NA,1,7,1,1,1,1,1,1,1,1,NA,NA,NA,NA,1,1,2,1,2,5,3,3,3,3,4,3,2,1,3,1,4
"174",247,1,3,1,NA,NA,NA,NA,NA,1,1,1,9,1,1,3,1,NA,1,NA,1,NA,NA,1,NA,2,1,1,1,2,6,4,5,5,6,5,6,6,2,1,4,3
"175",248,1,2,1,NA,NA,NA,NA,1,NA,NA,1,NA,1,1,1,1,NA,NA,NA,NA,NA,NA,NA,1,1,1,3,3,1,6,6,6,1,1,1,4,2,1,1,1,2
"176",250,1,1,1,NA,NA,NA,NA,NA,NA,1,1,17,1,1,1,1,1,1,1,NA,1,NA,NA,NA,2,1,2,1,2,5,3,5,6,1,1,4,6,1,1,4,4
"177",251,0,2,1,NA,NA,NA,NA,NA,1,1,1,6,2,1,2,1,1,1,NA,NA,NA,NA,NA,NA,2,1,2,2,2,4,5,3,2,1,1,1,1,1,1,5,3
"178",252,1,1,1,NA,NA,NA,NA,NA,NA,1,6,NA,1,1,1,2,NA,1,NA,NA,NA,NA,NA,NA,2,1,2,1,3,5,2,6,3,2,2,4,4,2,4,4,4
